customer_id,prediction_of_churn,probability_of_churn
0013-MHZWF,1,0.5997012629570312
0013-SMEOE,0,0.09086605581529222
0017-IUDMW,0,0.09805261480750892
0021-IKXGC,1,0.7813941078732
0027-KWYKW,1,0.6203655907640705
0030-FNXPP,0,0.41126394781928716
0048-LUMLS,0,0.19592583847553677
0048-PIHNL,0,0.011009631157569155
0057-QBUQH,0,0.03444581265035239
0067-DKWBL,1,0.7370912416631135
0068-FIGTF,0,0.12815572552634866
0074-HDKDG,0,0.14538353732751746
0082-LDZUE,1,0.6762453957980007
0106-UGRDO,0,0.1657528245498957
0112-QWPNC,0,0.11355591464721582
0117-LFRMW,0,0.04179923321711199
0118-JPNOY,0,0.43154692752665524
0128-MKWSG,0,0.12168243485093586
0135-NMXAP,1,0.5805372449844342
0164-APGRB,0,0.1494144569683655
0164-XAIRP,0,0.07644179558624214
0186-CAERR,0,0.14892963232357356
0191-EQUUH,0,0.03751366244981439
0191-ZHSKZ,0,0.4737797628266418
0193-ESZXP,0,0.15872820150690367
0206-TBWLC,0,0.15399525607913936
0207-MDKNV,0,0.46650844565122834
0208-BPQEJ,0,0.2744558541322709
0212-ISBBF,0,0.4316677789543336
0218-QNVAS,0,0.1075569306835736
0219-YTZUE,1,0.5471338816710629
0221-WMXNQ,1,0.5908520339880233
0224-HJAPT,1,0.6336007085749057
0224-RLWWD,1,0.7858820064603143
0236-HFWSV,1,0.7523005528698593
0239-OXEXL,0,0.11885297984536457
0247-SLUJI,0,0.455446744789323
0248-PGHBZ,0,0.046468677097540226
0259-GBZSH,1,0.7937712283372539
0265-EDXBD,0,0.4900613333403266
0270-THENM,0,0.007686853482894887
0289-IVARM,0,0.13164125336409033
0295-QVKPB,1,0.5341998033878335
0302-JOIVN,1,0.5872464976743894
0308-GIQJT,0,0.11087088416517686
0318-QUUOB,1,0.7867490184168856
0354-WYROK,1,0.5375703978515067
0369-ZGOVK,0,0.23554706893916863
0376-OIWME,1,0.5214786399338661
0376-YMCJC,1,0.5711627636764296
0388-EOPEX,1,0.6836732305690518
0390-DCFDQ,1,0.6911460459709969
0394-YONDK,0,0.001926885645144147
0396-YCHWO,1,0.634454651843144
0409-WTMPL,0,0.17738919981384263
0411-EZJZE,1,0.8025974019361831
0420-BWTPW,0,0.3542867107853796
0420-TXVSG,0,0.015887210616568778
0431-APWVY,0,0.3942754367092006
0447-BEMNG,0,0.05927773800688311
0454-OKRCT,0,0.06815978979411161
0464-WJTKO,0,0.0013758775444946462
0468-YRPXN,0,0.390492444435487
0485-ZBSLN,0,0.0028501686630666282
0516-QREYC,0,0.2050562491589587
0519-XUZJU,1,0.540525119740473
0531-ZZJWQ,0,0.26233776553026167
0541-FITGH,1,0.6664375482794915
0550-DCXLH,0,0.39535564859741607
0556-FJEGU,0,0.0195119884513251
0559-CKHUS,0,0.04913781331415747
0567-XRHCU,0,0.004709483012249295
0578-SKVMF,0,0.43660517726758546
0581-BXBUB,1,0.5854734825892036
0585-EGDDA,0,0.2658667895895575
0595-ITUDF,0,0.17065675359877758
0602-DDUML,0,0.017747861345693807
0608-JDVEC,0,0.010709659485571295
0617-AQNWT,0,0.006540581646269109
0623-IIHUG,0,0.4148791772252854
0634-SZPQA,1,0.509033774553962
0637-YLETY,0,0.47114795884149124
0661-KBKPA,0,0.0971359981653982
0661-WCQNQ,0,0.1713122513877036
0661-XEYAN,1,0.6306577899074537
0670-KDOMA,1,0.565661962949847
0673-IGUQO,0,0.45228066855530963
0696-UKTOX,0,0.27192401655144416
0699-NDKJM,0,0.05306923486320755
0709-TVGUR,1,0.7201528394568153
0733-VUNUW,0,0.3666802126323873
0734-OXWBT,1,0.5860598395926171
0742-LAFQK,0,0.09051352263136252
0742-MOABM,0,0.46619974580614526
0743-HRVFF,0,0.06542741727991053
0750-EBAIU,0,0.1119646334927801
0757-WCUUZ,0,0.030332935808845926
0774-RMNUW,0,0.005474945543015806
0780-XNZFN,0,0.004185279944522796
0804-XBFBV,0,0.4145592436565147
0804-YGEQV,0,0.033241629884745175
0810-BDHAW,0,0.28052575174851485
0818-OCPZO,1,0.5068456653728874
0823-HSCDJ,0,0.1278383835832869
0835-JKADZ,0,0.15844124595643777
0847-HGRML,0,0.0028603039690427825
0851-DFJKB,0,0.31776826926837765
0867-LDTTC,1,0.5189987324807126
0867-MKZVY,0,0.4379466646695
0870-VEMYL,0,0.365732302772312
0877-SDMBN,0,0.20203887711650412
0880-FVFWF,0,0.2190940614345853
0895-DQHEW,0,0.37620680111606464
0895-LNKRC,0,0.2230020193603665
0899-WZRSD,0,0.30202703204211245
0906-QVPMS,0,0.06683601680045119
0907-HQNTS,0,0.09626074997134043
0909-SDHNU,0,0.30959478658029554
0921-OHLVP,1,0.5121986901133432
0925-VYDLG,1,0.6543751909151974
0929-PECLO,0,0.21273807443439402
0930-EHUZA,0,0.08814530707002773
0931-MHTEM,0,0.14232515686377753
0940-OUQEC,1,0.5421939914085496
0942-KOWSM,0,0.0979567969018209
0943-ZQPXH,0,0.36488269194920825
0947-IDHRQ,1,0.633827125919429
0953-LGOVU,0,0.20828707822521325
0970-ETWGE,1,0.8107230383794121
0979-PHULV,0,0.2635846261457238
0980-FEXWF,0,0.1101860069038546
0980-PVMRC,0,0.2196561543542157
0991-BRRFB,0,0.36969755689822426
1009-IRMNA,0,0.3591017812137247
1010-DIAUQ,1,0.5681396509959914
1015-JPFYW,0,0.20575633650038505
1016-DJTSV,1,0.7132857026678023
1023-BQXZE,0,0.0596542997805088
1031-IIDEO,1,0.7478926859047974
1042-HFUCW,0,0.12830999882416982
1045-LTCYT,0,0.3187920631307544
1047-NNCBF,0,0.3279433418048674
1060-ENTOF,0,0.088910308464219
1075-BGWOH,1,0.7382673884663263
1080-BWSYE,0,0.0037827432362145235
1084-UQCHV,1,0.5564899481572362
1088-CNNKB,0,0.02490426409682539
1090-ESELR,0,0.0517128456020401
1093-YSWCA,0,0.11077974178614249
1098-TDVUQ,1,0.5814297323005106
1099-BTKWT,0,0.024072252835408463
1112-CUNAO,1,0.5914189120744768
1121-QSIVB,0,0.197523133723649
1125-SNVCK,0,0.07003664088286932
1139-WUOAH,0,0.010867952340255343
1142-WACZW,0,0.41375134926494167
1150-FTQGN,0,0.08156285961859272
1154-HYWWO,0,0.06558099773402569
1169-WCVAK,0,0.31474492993657605
1177-XZBJL,0,0.028620558248797664
1184-PJVDB,1,0.7248084586711813
1187-WILMM,0,0.0447435304000385
1196-AMORA,1,0.6037050410571334
1205-WNWPJ,1,0.5876433810756462
1215-EXRMO,0,0.007093084868076663
1217-VASWC,0,0.2519572703395666
1222-KJNZD,0,0.06564685762608093
1229-RCALF,0,0.2145192886920657
1237-WIYYZ,0,0.261305330903212
1241-FPMOF,0,0.0055367410441506636
1265-ZFOSD,0,0.028282975977646573
1270-XKUCC,0,0.030440682754768293
1273-MTETI,1,0.7585631402175015
1322-AGOQM,0,0.03035320737851442
1337-BOZWO,0,0.10327064000205169
1346-PJWTK,0,0.08411863982775773
1346-UFHAX,0,0.474128359436599
1357-BIJKI,0,0.30292258888094414
1357-MVDOZ,1,0.568595108861701
1360-JYXKQ,0,0.26475888562780314
1360-XFJMR,0,0.13558000749332355
1376-HHBDV,0,0.2292445102740595
1386-ZIKUV,0,0.4432135561278283
1394-SUIUH,0,0.23704273604540138
1395-WSWXR,0,0.04732712838430771
1396-QWFBJ,0,0.3932338281924277
1400-MMYXY,1,0.7681802518018847
1403-LKLIK,0,0.033612550118773725
1421-HCERK,0,0.36050910300841965
1428-GTBJJ,1,0.5900903665708991
1442-OKRJE,0,0.12556178305098892
1455-UGQVH,1,0.7441659797063439
1456-TWCGB,0,0.4600246328103921
1468-DEFNC,0,0.005962803409382958
1471-GIQKQ,1,0.6193384227185366
1482-OXZSY,1,0.5199093756144778
1488-SYSFC,0,0.18316953683331974
1494-EJZDW,0,0.13004404374888398
1498-NHTLT,0,0.07665605843057431
1506-YJTYT,0,0.03861931886907317
1513-XNPPH,1,0.5889314954549388
1552-TKMXS,0,0.0336480559765519
1561-BWHIN,0,0.09452723233848759
1564-HJUVY,1,0.5758051215259529
1565-RHDJD,0,0.4168256332824611
1571-SAVHK,1,0.6187733325396944
1576-PFZIW,0,0.05883410239853614
1589-AGTLK,1,0.7504978636202968
1597-FZREH,1,0.6466328843189814
1602-IJQQE,1,0.6479596030980894
1608-GMEWB,0,0.4803055750419984
1612-EOHDH,1,0.6807293471725208
1623-NLDOT,0,0.016257780388730634
1624-NALOJ,1,0.7601826016926829
1626-ERCMM,1,0.7607316187046073
1635-FJFCC,1,0.6026250035120895
1657-DYMBM,0,0.005214768677367355
1658-XUHBX,0,0.2320464789354359
1676-MQAOA,0,0.014998228120747307
1682-VCOIO,0,0.07258489606426587
1696-MZVAU,0,0.04048275284767356
1697-BCSHV,0,0.14670363204182227
1705-GUHPV,0,0.003265465671660434
1709-EJDOX,0,0.008475565552922799
1725-MIMXW,1,0.5617973505628229
1729-VLAZJ,0,0.10454334699772777
1744-JHKYS,0,0.10937280652911656
1751-NCDLI,1,0.5479697230761398
1755-FZQEC,0,0.021984851079189828
1757-TCATG,0,0.03385997002824432
1764-VUUMT,0,0.001761559415323366
1766-GKNMI,1,0.5889702398277559
1768-HNVGJ,0,0.2792697651772375
1777-JYQPJ,0,0.451065155013326
1810-MVMAI,0,0.16347830868827037
1813-JYWTO,0,0.021702882500562345
1837-YQUCE,0,0.009469481616602722
1839-FBNFR,0,0.027639268430622036
1848-LBZHY,1,0.5630099835070492
1853-UDXBW,1,0.7499252249582385
1855-CFULU,0,0.43505431784058723
1866-DIOQZ,0,0.008936021873930389
1866-RZZQS,1,0.5916234512263722
1877-HKBQX,0,0.26643364950233617
1891-QRQSA,0,0.14520103323427863
1895-QTKDO,1,0.5534471077458784
1897-OKVMW,0,0.050365487309183624
1902-XBTFB,1,0.5060421301083328
1904-WAJAA,0,0.10747069919040034
1921-KYSAY,0,0.17208477731555377
1925-TIBLE,1,0.7670759622976249
1930-QPBVZ,0,0.0348729754947036
1934-SJVJK,0,0.45082133115708406
1951-IEYXM,0,0.03481562323550925
1963-SVUCV,1,0.6813693545003601
1965-DDBWU,1,0.5146673137198376
1976-CFOCS,1,0.7237576353377793
1977-STDKI,1,0.7164296385155673
1984-FCOWB,0,0.19748323359607953
1991-VOPLL,0,0.299938986660805
2004-OCQXK,1,0.7867480746235311
2038-LLMLM,0,0.4475578402490532
2043-WVTQJ,0,0.4499432603286851
2057-ZBLPD,1,0.66741695344537
2072-ZVJJX,0,0.002552804779486522
2074-GKOWZ,1,0.7451107303862566
2091-MJTFX,0,0.16256279421737005
2096-XOTMO,0,0.20322061161859872
2115-BFTIW,0,0.2824820606707072
2137-DQMEV,0,0.0051534007048762735
2144-ESWKO,0,0.022471436891786448
2178-PMGCJ,0,0.4015562261010453
2180-DXNEG,1,0.6961798172593923
2188-SXWVT,0,0.060773959739569526
2202-CUYXZ,1,0.730611851454378
2203-GHNWN,0,0.38797896210404814
2209-XADXF,0,0.4967342789485348
2220-IAHLS,0,0.43349406657440587
2223-GDSHL,0,0.1088675520037111
2230-XTUWL,0,0.00742542431378834
2232-DMLXU,1,0.6268235483839627
2235-ZGKPT,1,0.5699122402707422
2236-HILPA,0,0.0025396452986833655
2252-JHJGE,0,0.1635361568905529
2256-YLYLP,0,0.03398066844765326
2257-BOVXD,1,0.5456646222525592
2270-CHBFN,0,0.14365003175056706
2274-XUATA,0,0.009720023401209818
2276-YDAVZ,1,0.6442212882287266
2277-BKJKN,0,0.13958093224994333
2277-DJJDL,0,0.4599397271834564
2282-YGNOR,0,0.060229443475062774
2296-DKZFP,0,0.013524177103016767
2305-MRGLV,0,0.23809984878762588
2346-DJQTB,0,0.0993466234470903
2359-KLTEK,0,0.3968877776007782
2361-FJWNO,0,0.0180019653703274
2369-FEVNO,1,0.563972148626309
2378-HTWFW,0,0.3031140427343193
2379-ENZGV,1,0.6945042840045828
2388-LAESQ,0,0.11506675582642499
2400-XIWIO,0,0.0368390988905388
2419-FSORS,0,0.1247133232065473
2424-WVHPL,1,0.6226119711894798
2439-LYPMQ,1,0.5674244137512033
2446-BEGGB,1,0.7791795399288957
2452-KDRRH,0,0.31434036863745574
2454-RPBRZ,1,0.6665562933797365
2469-DTSGX,0,0.11162745559101522
2475-MROZF,0,0.21277792496532377
2479-BRAMR,0,0.23386819741239656
2495-KZNFB,1,0.509643479991949
2495-TTHBQ,0,0.34584832261258597
2509-TFPJU,0,0.0017067791471399797
2514-GINMM,1,0.7785627446284499
2516-VQRRV,1,0.6980347874154778
2516-XSJKX,0,0.08305267980904295
2530-ENDWQ,0,0.10701566433304763
2542-HYGIQ,0,0.43614897747288206
2580-ASVVY,0,0.03727101273166179
2589-AYCRP,0,0.010213556933481657
2592-YKDIF,0,0.4517941303227006
2603-HVKCG,1,0.5378344372299046
2604-IJPDU,0,0.48503584548682543
2632-TACXW,0,0.003489328107950796
2639-UGMAZ,0,0.025686400246154577
2657-VPXTA,1,0.7653438893792448
2664-XJZNO,0,0.06708118844642151
2667-WYLWJ,0,0.28048026929355624
2669-QVCRG,0,0.22295829830448852
2673-CXQEU,0,0.1973687964315579
2674-MIAHT,1,0.5810768925449901
2674-MLXMN,0,0.24928419290791923
2675-DHUTR,0,0.4675806678695946
2682-KEVRP,0,0.13192774385129716
2684-EIWEO,0,0.2039088804643593
2688-BHGOG,1,0.7501033016362479
2691-NZETQ,1,0.7450329146990038
2692-PFYTJ,1,0.591991927642893
2697-NQBPF,1,0.5506193052452546
2722-JMONI,1,0.7554331639904435
2722-VOJQL,0,0.16853451104505623
2724-FJDYW,0,0.05145034097935449
2729-VNVAP,0,0.022832098884362124
2731-GJRDG,0,0.28549817217376317
2749-CTKAJ,0,0.07768362908916486
2758-RNWXS,0,0.25969095781865303
2777-PHDEI,1,0.6833623018573961
2786-GCDPI,0,0.4909133058187512
2791-SFVEW,0,0.3333544136664842
2805-AUFQN,0,0.040221355220219225
2805-EDJPQ,0,0.10644106490314198
2810-FTLEM,1,0.512392990312295
2812-ENYMO,0,0.0824697752883809
2812-SFXMJ,0,0.4503350720473028
2815-CPTUL,1,0.6406053571526694
2823-LKABH,0,0.47782937145629745
2830-LEWOA,0,0.080359517494747
2831-EBWRN,1,0.7423687297448829
2834-JKOOW,0,0.06430393157293197
2842-BCQGE,0,0.23263379109426433
2843-CQMEG,0,0.298198371697708
2856-HYAPG,1,0.6421319813361995
2862-PFNIK,1,0.6931746283410525
2867-UIMSS,1,0.693682141473485
2868-MZAGQ,1,0.7777149910243703
2884-GBPFB,0,0.38054576550121433
2889-FPWRM,0,0.17573724167830224
2896-TBNBE,0,0.10353966633711284
2898-LSJGD,0,0.2578873953680177
2903-YYTBW,1,0.6841360138703149
2925-MXLSX,0,0.16560511208710907
2931-SVLTV,0,0.37118872764558064
2960-NKRSO,0,0.3729344065918755
2967-MXRAV,0,0.29469361186063964
2968-SSGAA,1,0.7491324086531241
2969-WGHQO,0,0.3114858422917604
2974-GGUXS,0,0.4152059403581599
2977-CEBSX,0,0.04239407686654095
2982-IHMFT,1,0.7019387011271311
2984-RGEYA,0,0.0016942981138944602
2987-BJXIK,0,0.026594838321162974
2988-QRAJY,0,0.08522180247634091
2990-OGYTD,0,0.03700157819257018
2996-XAUVF,0,0.005363342120573675
3014-WJKSM,0,0.30269746969768
3021-VLNRJ,0,0.05487864614437985
3023-GFLBR,0,0.3136021561730381
3026-ATZYV,0,0.1154879128092453
3030-YDNRM,1,0.6999982902448878
3050-RLLXC,0,0.025286421122495416
3055-MJDSB,0,0.43475576421146644
3061-BCKYI,0,0.23146829993150028
3062-ICYZQ,0,0.29069812581859655
3063-QFSZL,1,0.8050279757515482
3069-SSVSN,0,0.31827232796872074
3070-FNFZQ,0,0.05662029430635573
3090-LETTY,0,0.4787332123887454
3092-IGHWF,0,0.061269039187048846
3097-NQYSN,1,0.7467048719854015
3104-OWCGK,0,0.0892175722237542
3106-ULWFW,1,0.6425767934305915
3108-PCCGG,0,0.023996944368032683
3128-YOVTD,0,0.13351324004933682
3129-AAQOU,0,0.08039766570192239
3132-TVFDZ,0,0.11481768674279881
3144-KMTWZ,0,0.14719469852154443
3146-JTQHR,0,0.18671247073979014
3148-BLQJT,0,0.45057818980121284
3158-MOERK,1,0.823555460242606
3165-HDOEW,1,0.6888011477777413
3166-PNEOF,0,0.034865619841059445
3195-TQDZX,1,0.6397927553448937
3197-NNYNB,0,0.0631652782018469
3209-ZPKFI,0,0.12145386054885753
3212-KXOCR,0,0.006493172503469144
3224-DFQNQ,0,0.048031877535731675
3229-USWAR,0,0.17273125450768423
3230-WYKIR,0,0.33736482258921535
3247-MHJKM,0,0.45106449600107584
3249-ZPQRG,1,0.5743083012138085
3254-YRILK,1,0.6585377441066238
3258-SANFR,1,0.5218742143885723
3266-FTKHB,0,0.07611748966552646
3269-ATYWD,1,0.5544355024472254
3276-HDUEG,1,0.6696230479126705
3280-MRDOF,0,0.1426885017091836
3284-SVCRO,0,0.012513567633254305
3298-QEICA,0,0.04106823503869622
3301-VKTGC,0,0.05161287079993151
3308-DGHKL,0,0.0027029019333275196
3308-JSGML,0,0.023851952581227083
3318-NMQXL,1,0.8071888340954254
3345-PBBFH,1,0.5432575966012146
3346-BRMIS,1,0.514000368122569
3347-YJZZE,0,0.27587470234260836
3352-RICWQ,0,0.13881221816426975
3370-HXOPH,1,0.6601788558361209
3373-DIUUN,0,0.03349431913001482
3374-LXDEV,0,0.37020295018903154
3387-VATUS,1,0.7405460634059157
3398-FSHON,1,0.7153505280062453
3398-GCPMU,0,0.04007599847055273
3398-ZOUAA,1,0.5798079157769516
3399-BMLVW,0,0.015406490674298563
3404-JNXAX,0,0.2620460265384711
3407-JMJQQ,0,0.09426226282821205
3419-SNJJD,0,0.2281347404795416
3439-GVUSX,0,0.4715624534951932
3440-JPSCL,1,0.5733019529484042
3446-QDSZF,1,0.5694090227581036
3452-FLHYD,0,0.10557381358323571
3452-GWUIN,1,0.7627529300454089
3454-JFUBC,0,0.0029651171763599316
3457-PQBYH,0,0.0034759645139173945
3468-DRVQJ,0,0.36409739853135165
3474-BAFSJ,0,0.01692551250135314
3487-EARAT,0,0.013487486326468602
3500-NSDOA,0,0.017210698529889542
3506-OVLKD,0,0.04174278939046778
3508-VLHCZ,0,0.03361283327279137
3511-APPBJ,0,0.29306664854326514
3511-BFTJW,0,0.0012664703968830748
3512-IZIKN,0,0.008541454889509395
3524-WQDSG,0,0.42784218147098185
3533-UVMOM,0,0.012870134296986595
3536-IQCTX,0,0.479638819794259
3549-ZTMNH,0,0.1927772016661465
3551-HUAZH,1,0.7890130102573354
3569-EDBPQ,0,0.42815353394317707
3571-DPYUH,0,0.10461484680398482
3580-HYCSP,0,0.10530836336413442
3583-KRKMD,0,0.4312397408542902
3597-YASZG,0,0.127239447124195
3623-FQBOX,0,0.2171109308146958
3627-FCRDW,1,0.5712085629588607
3629-WEAAM,0,0.3971062254324734
3635-JBPSG,0,0.1558429844633431
3635-QQRQD,0,0.003823051631595307
3640-PHQXK,1,0.522595477215385
3644-QXEHN,1,0.6211316325886266
3645-DEYGF,0,0.45374082689826245
3648-GZPHF,0,0.053127939599160436
3649-JPUGY,0,0.046044974152037885
3654-ARMGP,0,0.03957512953168059
3658-KIBGF,1,0.6634853333309828
3672-YITQD,1,0.5547683531296427
3678-MNGZX,0,0.0018618124355632706
3682-YEUWS,0,0.4283026253582713
3683-QKIUE,1,0.570380415805914
3692-JHONH,0,0.3569721739785963
3703-KBKZP,1,0.5822266944790916
3704-IEAXF,0,0.004543043594625548
3712-PKXZA,0,0.006489932121656915
3714-XPXBW,0,0.17820575499916408
3716-BDVDB,1,0.7413564475442496
3717-OFRTN,0,0.46976304922571266
3719-TDVQB,0,0.008749778958767
3727-JEZTU,0,0.4520373879798791
3727-OWVYD,0,0.04787158550346312
3727-RJMEO,1,0.7570352460714698
3729-OWRVL,0,0.19100542897160072
3733-UOCWF,0,0.08339611194596773
3733-ZEECP,0,0.4623564019180614
3739-YBWAB,0,0.02630196924877523
3745-HRPHI,0,0.008252047481310563
3752-CQSJI,0,0.3472249322116229
3758-CKOQL,0,0.09215204239883215
3774-VBNXY,0,0.002309924870376934
3778-FOAQW,0,0.06723326564402114
3780-DDGSE,0,0.47304293285493804
3785-KTYSH,0,0.006498194409872221
3785-NRHYR,0,0.44839099333259325
3791-LGQCY,0,0.41232303626477873
3797-FKOGQ,1,0.6302286168149778
3800-LYTRK,0,0.16657332211646322
3803-KMQFW,0,0.4595905724748387
3810-DVDQQ,0,0.10385655402185524
3810-PJUHR,0,0.001952478368642399
3813-DHBBB,0,0.007235042040264701
3842-IYKUE,0,0.16394245333378185
3845-FXCYS,1,0.6533235514603088
3845-JHAMY,0,0.38112473820531806
3847-BAERP,0,0.40441010318947246
3858-VOBET,1,0.552403953853661
3865-YIOTT,0,0.17466097030057465
3882-IYOIJ,0,0.06407576769237529
3887-PBQAO,0,0.02865713821237414
3890-RTCMS,0,0.40021615020369117
3902-MIVLE,0,0.019316622525702813
3908-BLSYF,1,0.5811924028602248
3913-FCUUW,0,0.012734794002297727
3913-RDSJZ,0,0.0033426671991299986
3914-FDRHP,1,0.5677078713924825
3923-CSIHK,0,0.2655422908898027
3932-CMDTD,0,0.4852267532775117
3934-HXCFZ,0,0.4747402637434434
3938-YFPXD,0,0.021083409949089905
3945-GFWQL,1,0.6204494716202678
3946-JEWRQ,0,0.27691032696625434
3951-NJCVI,1,0.6130923211744141
3957-LXOLK,1,0.6630668199096678
3967-VQOGC,0,0.0039132429160490855
3970-XGJDU,0,0.003586433721435901
3976-NLDEZ,0,0.45301064664984386
3981-QSVQI,0,0.45130539854405105
3987-KQDDU,1,0.5007199637439586
3992-YWPKO,1,0.5347812551289756
3996-ZNWYK,0,0.001462617200614224
3999-QGRJH,1,0.7117745320669032
4002-BQWPQ,0,0.2130879335075978
4013-GUXND,0,0.45398426470409303
4026-SKKHW,1,0.5921969367479438
4030-VPZBD,1,0.6225050379674841
4032-RMHCI,0,0.017054938196700713
4039-HEUNW,1,0.5856632297903082
4057-FKCZK,0,0.06211332804529826
4080-OGPJL,1,0.553956666923969
4083-EUGRJ,0,0.3074779351565568
4097-YODCF,0,0.3668871101147091
4102-HLENU,0,0.009076226833357005
4106-HADHQ,0,0.0908622153625694
4111-BNXIF,0,0.01762465681079217
4115-BNPJY,0,0.10490743674212175
4132-KALRO,1,0.6822976956819821
4139-JPIAM,0,0.039431865012210354
4139-SUGLD,0,0.07230967638941373
4182-BGSIQ,0,0.4188908661646613
4183-WCSEP,0,0.3272515894950317
4208-UFFGW,1,0.595587339965069
4223-WOZCM,1,0.5327224525834274
4227-OJHAL,0,0.033989859257498006
4236-UJPWO,1,0.5685031820172988
4250-WAROZ,0,0.3133995933311976
4254-QPEDE,0,0.01244822952951099
4255-DDUOU,1,0.5736084383222478
4256-ZWTZI,1,0.5723771379365622
4257-GAESD,0,0.48626796300957514
4274-DRSQT,0,0.10488552465959448
4282-YMKNA,1,0.6981772160809763
4290-BSXUX,1,0.6156521834816922
4291-YZODP,0,0.20361648220754025
4301-VVZKA,1,0.6343031879757893
4302-ZYFEL,0,0.0034984306051627063
4304-TSPVK,0,0.06944765677344138
4315-MURBD,1,0.5440252023184157
4317-VTEOA,1,0.7235254569599335
4318-RAJVY,0,0.24705970214299958
4335-UPJSI,0,0.04677858118012435
4338-EYCER,0,0.3692466159799305
4350-ZTLPI,0,0.18577007614188215
4361-FEBGN,0,0.007349319694409645
4365-MSDYN,0,0.4562343429152159
4366-CTOUZ,0,0.12829957608421555
4367-NHWMM,1,0.5879531250429084
4369-NYSCF,0,0.0921855031382944
4385-GZQXV,1,0.7069712715424374
4390-KYULV,1,0.5205880442561248
4393-OBCRR,0,0.2652503807518236
4393-RYCRE,0,0.24594556265713097
4395-PZMSN,1,0.7339898990600988
4412-YLTKF,0,0.49274053833961035
4419-UJMUS,0,0.16052666820448988
4423-YLHDV,1,0.5421997933117472
4439-JMPMT,1,0.715615179632736
4439-YRNVD,0,0.32246943440456677
4441-NIHPT,1,0.6020573688430055
4446-BZKHU,0,0.37997067950038366
4451-RWASJ,0,0.18046567712190284
4458-KVRBJ,0,0.0044289496293799056
4459-BBGHE,0,0.35272767389862697
4465-VDKIQ,0,0.3330442008873169
4475-NVTLU,0,0.015391500259932722
4480-QQRHC,1,0.5663500243177815
4488-PSYCG,0,0.22082614128981204
4508-OEBEY,0,0.11441970293891357
4510-PYUSH,0,0.16980987723414898
4514-GFCFI,1,0.7234832486977703
4521-WFJAI,0,0.009693440022715912
4521-YEEHE,1,0.6254451588352191
4529-CKBCL,1,0.772470630904541
4530-NDRKU,0,0.04122700994014118
4531-AUZNK,0,0.151508194745512
4576-CSAJH,0,0.15633577990227485
4587-NUKOX,1,0.6093490194328501
4588-YBNIB,1,0.5625225513827914
4598-ZADCK,0,0.0252068322664855
4622-YNKIJ,0,0.20003864514136105
4625-XMOYM,0,0.003379708058360368
4628-CTTLA,0,0.04807120489559504
4631-OACRM,1,0.6963414533517639
4652-ODEVH,0,0.0120270892348047
4654-DLAMQ,0,0.07268341948593768
4659-NZRUF,1,0.5672833272883109
4660-IRIBM,0,0.40338393771500997
4662-EKDPQ,1,0.6581644796784242
4673-KKSLS,0,0.23271743461922442
4683-WYDOU,0,0.17049557836197074
4685-ERGHK,0,0.2163090101728388
4690-LLKUA,1,0.5974772350112353
4693-VWVBO,1,0.5253127318790441
4697-LUPSU,0,0.28384229023693364
4698-KVLLG,0,0.006487768038015641
4703-MQYKT,0,0.05647632294079584
4706-DGAHW,1,0.7150338211413495
4707-YNOQA,0,0.061136733989648286
4710-NKCAW,0,0.34256445624241927
4716-MRVEN,0,0.046578515744551546
4724-WXVWF,0,0.3364424031306148
4727-MCYZG,1,0.6219853762365986
4732-RRJZC,0,0.3481985186422322
4737-AQCPU,0,0.006626412381067061
4750-UKWJK,0,0.030119181919586152
4760-THGOT,0,0.39220023764278894
4763-PGDPO,1,0.6179346617078182
4770-UEZOX,1,0.6798710066092303
4785-FCIFB,0,0.0035598986473411396
4808-YNLEU,0,0.1747745032799017
4811-JBUVU,0,0.4035336823437451
4815-GBTCD,1,0.6524087364907154
4816-OKWNX,0,0.16633079914869994
4817-VYYWS,1,0.6187900066600165
4822-RVYBB,1,0.7835130290918
4825-FUREZ,0,0.019595042616989605
4826-TZEVA,0,0.13271872884921743
4828-FAZPK,0,0.45065524609695295
4829-ZLJTK,0,0.18104020615527475
4836-WNFNO,0,0.0016672157322287667
4847-QNOKA,1,0.6968768659081808
4851-BQDNX,0,0.24668652753338727
4853-RULSV,0,0.08914357208989686
4854-CIDCF,1,0.5940751326183363
4860-IJUDE,0,0.43359534049997706
4877-TSOFF,0,0.07258036973006
4878-BUNFV,0,0.012473009808495191
4883-QICIH,0,0.3426468932084572
4884-LEVMQ,0,0.02688556355834221
4902-OHLSK,1,0.5428994084973945
4903-UYAVB,0,0.38298851701888786
4912-PIGUY,1,0.7953507858962356
4926-UMJZD,0,0.21582201875461
4927-WWOOZ,1,0.7530279412603685
4939-KYYPY,0,0.25788163082116233
4942-VZZOM,0,0.05391609709508419
4950-BDEUX,0,0.17568198730593884
4950-HKQTE,0,0.06623554454633807
4959-JOSRX,1,0.65640509586349
4962-CHQPW,0,0.04473327244565157
4983-CCWMC,1,0.6237955958016107
4986-MXSFP,1,0.5455935580028894
4988-IQIGL,1,0.7921026423341984
4999-IEZLT,0,0.0033016759715159827
5003-OKNNK,0,0.12423039981174014
5012-YSPJJ,0,0.12728813967472438
5018-HEKFO,0,0.4244843583607631
5022-JNQEQ,1,0.6191791437191283
5022-KVDQT,0,0.48884197671137863
5038-ETMLM,0,0.09047853237131108
5039-LZRQT,0,0.1433319736754509
5044-XDPYX,0,0.008120270486326046
5057-RKGLH,0,0.138740154141631
5062-CJJKH,0,0.09460440129741653
5063-IUOKK,0,0.10195028492145605
5073-WXOYN,0,0.07787679880883806
5084-OOVCJ,0,0.3319183396045159
5089-IFSDP,0,0.11640456179872795
5103-MHMHY,1,0.5767431676561013
5115-SQAAU,0,0.0035946542313409855
5117-ZSMHQ,0,0.025901213887521143
5126-RCXYW,0,0.008449803884602845
5129-HHMZC,0,0.06468835306727193
5129-JLPIS,1,0.5297196464823194
5130-YPIRV,0,0.023073445062081154
5131-PONJI,0,0.21004448709150256
5133-POWUA,1,0.6826622568968865
5133-VRSAB,0,0.2909257386212862
5135-GRQJV,0,0.10696097958606741
5148-ORICT,0,0.019911027483855804
5149-TGWDZ,0,0.2775811165481828
5151-HQRDG,0,0.19987866608549493
5161-XEUVX,0,0.09361612880364772
5170-PTRKA,0,0.016732148823439628
5172-RKOCB,0,0.08616286927661859
5181-OABFK,0,0.018159048267081115
5186-PEIZU,0,0.057495050269418924
5203-XEHAX,0,0.11990388639530562
5204-QZXPU,0,0.39277449392733255
5219-YIPTK,1,0.5550909040089816
5233-GEEAX,1,0.5493995794631149
5244-IRFIH,1,0.6763712141475782
5245-VDBUR,0,0.009535550945133121
5248-YGIJN,0,0.03313642042368934
5275-PMFUT,0,0.007600457425339103
5296-PSYVW,0,0.0026117860602057324
5312-UXESG,0,0.31910044862672504
5318-YKDPV,0,0.0866300668220061
5321-NTRKC,0,0.0347565029498361
5325-UWTWJ,0,0.2606801682449993
5334-JLAXU,0,0.1634868350665662
5348-CAGXB,1,0.6641040537109
5351-QESIO,0,0.4705836274163298
5364-XYIRR,1,0.5053997889775049
5371-VYLSX,0,0.24453106219859133
5372-FBKBN,0,0.15382473446941022
5382-TEMLV,0,0.12361821047177754
5397-TUPSH,0,0.061185768934880945
5402-HTOTQ,0,0.4396816836962347
5419-CONWX,1,0.6254713317940535
5419-JKZNQ,0,0.3323381905026335
5442-PPTJY,0,0.11259480493970202
5451-MHQOF,0,0.012809707506749703
5453-AXEPF,0,0.4763280273716598
5478-JJVZK,0,0.21263950909426854
5495-GPSRW,0,0.095584717997309
5499-ECUTN,0,0.07192502133194341
5514-YQENT,0,0.18284127068277595
5515-AKOAJ,0,0.46297461174172466
5515-RUGKN,1,0.6218365298873724
5519-NPHVG,1,0.7594658056549981
5539-HIVAK,0,0.13326884940918524
5542-NKVRU,0,0.020940177113971035
5546-QUERU,0,0.2070052505982663
5550-VFRLC,1,0.7737510082006355
5555-RNPGT,0,0.30107063090723324
5566-SOEZD,0,0.16407557687748292
5575-GNVDE,0,0.06308457037879654
5590-BYNII,1,0.6597730728045736
5597-GLBUC,1,0.7329251112768342
5599-HVLTW,1,0.5332052418529579
5600-PDUJF,1,0.5334956467937407
5606-AMZBO,0,0.49849597076202595
5619-PTMIK,0,0.12351184338069346
5619-XZZKR,0,0.24682121614128788
5624-BQSSA,0,0.4547147096889941
5628-RKIFK,0,0.32759674030988467
5649-ANRML,1,0.5189292326341034
5649-TJHOV,0,0.21237367400468765
5669-SRAIP,1,0.5074604853404501
5671-UUNXD,0,0.3959496682447572
5673-FSSMF,1,0.819257005889334
5680-LQOGP,0,0.025659805978302946
5688-KZTSN,0,0.41721072935733405
5701-ZIKJE,0,0.4423374532940834
5702-KVQRD,0,0.05329630367405261
5702-SKUOB,0,0.40060659647481756
5707-ZMDJP,0,0.03654903453738015
5726-CVNYA,0,0.21183933431057755
5727-MYATE,0,0.03403781589146501
5730-RIITO,0,0.04995310366968367
5756-OZRIO,0,0.04325459858829075
5759-RCVCB,0,0.4774203770276799
5766-XQXMQ,0,0.24593705971228616
5766-ZJYBB,0,0.4471767407398391
5781-RFZRP,0,0.013127944529257111
5813-UECBU,0,0.2727734173543026
5820-PTRYM,0,0.03653898945586052
5825-XJOCM,0,0.05107177747369088
5828-DWPIL,0,0.18206361451596387
5829-NVSQN,0,0.19646454717489095
5834-ASPWA,1,0.7645446456675907
5835-BEQEU,1,0.7543362417027033
5840-NVDCG,0,0.12121752288159666
5842-POCOP,1,0.5360207648239028
5846-ABOBJ,0,0.0019278644226748238
5863-OOKCL,0,0.2814638720947804
5876-HZVZM,0,0.37556966124442187
5884-GCYMI,1,0.5339327035210919
5886-VLQVU,0,0.4009746594886642
5887-IKKYO,0,0.05917392825166261
5902-WBLSE,0,0.002196969124334746
5906-BFOZT,1,0.5620391136657299
5919-TMRGD,1,0.7780543703541001
5919-VCZYM,0,0.43177281060225153
5921-NGYRH,0,0.08333051741906806
5931-FLJJF,1,0.6242392879407738
5934-RMPOV,1,0.6344699738117175
5935-FCCNB,1,0.7704767439087171
5937-EORGB,1,0.6453501738082712
5944-UGLLK,0,0.022375642088975817
5951-AOFIH,0,0.24417958490365388
5956-YHHRX,1,0.6739103270108522
5968-HYJRZ,0,0.010553769208221566
5977-CKHON,0,0.37187140760932674
5980-BDHPY,0,0.03294566672471023
5982-PSMKW,0,0.17517033581344463
5985-BEHZK,0,0.1017891594989088
5986-WWXDV,0,0.023456549743784045
5989-OMNJE,0,0.12047252440181855
5995-LFTLE,0,0.0071150409631610964
5995-SNNEW,1,0.6279386857523709
5996-DAOQL,1,0.5666268889065493
6000-UKLWI,0,0.012911149251516292
6005-OBZPH,1,0.5887474185828365
6007-TCTST,0,0.11043573839817315
6015-VVHHE,1,0.6980652922359742
6036-TTFYU,0,0.20786745518215785
6048-NJXHX,0,0.034419910575951444
6048-UWKAL,0,0.06704999361042015
6075-QMNRR,0,0.07875474457687094
6078-VESFR,0,0.45958607360380815
6080-LNESI,0,0.0075720208545456795
6087-YPWHO,0,0.005722984193194436
6094-ZIVKX,0,0.013683727711172386
6100-QQHEB,1,0.7287036501712055
6108-OQZDQ,1,0.7669251546616638
6121-TNHBO,0,0.03872723457954925
6121-VZNQB,1,0.5601041933355063
6131-FOYAS,0,0.26671993671341315
6134-KWTBV,0,0.0034057404903984016
6141-OOXUQ,0,0.44839099333259325
6147-CBCRA,0,0.06736285804595041
6164-HAQTX,0,0.0028787176215082813
6174-NRBTZ,0,0.026465283835581437
6198-RTPMF,1,0.6385695807481216
6198-ZFIOJ,1,0.6376554619400134
6202-JVYEU,0,0.3588199257239568
6211-WWLTF,0,0.05847683108365043
6233-HXJMX,0,0.3020651897985161
6235-VDHOM,0,0.48311699616752846
6243-OZGFH,0,0.4588256854099585
6248-BSHKG,0,0.004262653952286336
6253-GNHWH,0,0.008524484548025789
6270-OMFIW,0,0.208017078894307
6275-YDUVO,1,0.6291247734796911
6288-LBEAR,0,0.2976865557799986
6289-CPNLD,0,0.18507401104843932
6298-QDFNH,1,0.5077260498948902
6303-KFWSL,0,0.23826253822687937
6305-YLBMM,0,0.11135062909861367
6308-CQRBU,0,0.09030249595848526
6322-HRPFA,0,0.04573745006468378
6322-PJJDJ,0,0.21622008158251346
6323-AYBRX,0,0.003093719646872375
6328-ZPBGN,1,0.7329841640060688
6339-TBELP,0,0.03195027440286512
6341-JVQGF,0,0.19091180020112003
6345-FZOQH,0,0.00155085340754777
6347-DCUIK,1,0.584006445241854
6350-XFYGW,1,0.7837728241799503
6352-TWCAU,1,0.542188263986856
6368-TZZDT,0,0.1810445625264885
6374-AFWOX,0,0.018558031905341842
6376-GAHQE,1,0.6533359178750181
6380-ARCEH,0,0.45106449600107584
6400-BWQKW,1,0.6584030201998821
6407-GSJNL,0,0.008535541533241703
6407-UTSLV,1,0.6725060693252953
6410-LEFEN,1,0.567476225623237
6416-JNVRK,0,0.06733536837805247
6418-PIQSP,0,0.02800111812779814
6419-ZTTLE,0,0.19355477253360992
6427-FEFIG,0,0.13908446537736857
6434-TTGJP,0,0.0696662120357241
6435-SRWBJ,1,0.6084620282455273
6447-EGDIV,0,0.041979451014518186
6458-CYIDZ,1,0.5194225701551408
6463-MVYRY,0,0.02415183267518723
6465-GSRCL,0,0.18302180553918282
6486-LHTMA,0,0.4100579648020074
6490-FGZAT,0,0.3591213303380899
6505-OZNPG,0,0.1586071660336078
6506-EYCNH,0,0.15124628163747436
6507-ZJSUR,1,0.7200628323990771
6508-NJYRO,0,0.12432023179568746
6513-EECDB,1,0.7908067587107392
6518-LGAOV,1,0.5413402651467142
6518-PPLMZ,0,0.00861776521767555
6519-CFDBX,1,0.7602816746478878
6522-OIQSX,0,0.009521018979898438
6542-LWGXJ,0,0.4451454735667339
6543-XRMYR,1,0.6517271855019309
6549-NNDYT,0,0.3417274634606976
6563-VRERX,0,0.036228768074259884
6576-FBXOJ,0,0.21049455854351407
6581-NQCBA,1,0.525667749546571
6599-GZWCM,0,0.29630070308583933
6625-IUTTT,0,0.014066231607537788
6625-UTXEW,1,0.5896756607160417
6629-LADHQ,0,0.49951478736247007
6631-HMANX,0,0.03964415219268543
6646-JPPHA,0,0.41356718025021116
6650-BWFRT,0,0.10269196936366824
6652-YFFJO,1,0.752628804868782
6653-CBBOM,1,0.7458502918856257
6656-JWRQX,0,0.41150663670946297
6664-FPDAC,0,0.32215346443205617
6681-ZSEXG,0,0.016410197778868915
6683-VLCTZ,1,0.6911883389309799
6685-XSHHU,0,0.005721496411105224
6686-YPGHK,0,0.1942603392317333
6689-TCZHQ,1,0.6848129405976294
6693-DJWTY,0,0.05783918220933493
6698-OXETB,0,0.1185744187551767
6701-YVNQG,0,0.030931205796618923
6710-HSJRD,0,0.4579394925975792
6713-OKOMC,0,0.2671351817104103
6715-OFDBP,1,0.7602578406439915
6725-TPKJO,0,0.010151937531531633
6728-DKUCO,0,0.17565185879036047
6732-FZUGP,0,0.10434749824925028
6732-VAILE,0,0.03987878706070065
6734-CKRSM,0,0.4129086942621448
6734-GMPVK,1,0.6205859897070753
6762-NSODU,0,0.008755113039459883
6769-DYBQN,0,0.28409418134923
6772-KSATR,1,0.7182618105309753
6778-EICRF,0,0.24675510271515919
6791-YBNAK,0,0.20354413347578773
6797-LNAQX,0,0.0691050923499095
6815-ABQFQ,0,0.30151999406534946
6817-WTYHE,1,0.5803832303793902
6818-WOBHJ,0,0.203404891103895
6838-YAUVY,0,0.09366422115997122
6844-DZKRF,1,0.5937142177991946
6848-YLDFR,0,0.07054367823668464
6849-OYAMU,0,0.2566363482784178
6855-VLGOS,0,0.0019916148778967063
6870-ZWMNX,0,0.014222857049699947
6885-PKOAM,0,0.019475578069622707
6892-BOGQE,0,0.0024642915087510404
6899-PPEEA,1,0.6645427184516116
6901-GOGZG,0,0.08327507351479008
6904-JLBGY,0,0.11038215021456638
6905-NIQIN,1,0.509266230998104
6906-ANDWJ,1,0.5499887300508491
6910-HADCM,1,0.5917507697389338
6916-HIJSE,0,0.035603665609618675
6917-YACBP,0,0.21006855081481907
6928-ONTRW,0,0.0011300454598641351
6933-FHBZC,0,0.1482242124987466
6946-LMSQS,0,0.43430385440581193
6953-PBDIN,0,0.01539681280776189
6954-OOYZZ,0,0.44452757633856477
6956-SMUCM,1,0.5816187952260392
6959-GQEGV,0,0.2957253589492364
6963-EZQEE,0,0.04293593635938833
6979-TNDEU,0,0.319516209509763
6993-YCOBK,0,0.17766172044629375
6993-YGFJV,0,0.09175716797654909
6994-FGRHH,0,0.16960011909919576
7010-ZMVBF,0,0.18634220553540626
7028-DVOIQ,1,0.6062400499699561
7032-LMBHI,0,0.1101981805098029
7037-MTYVW,0,0.13985028568637398
7041-TXQJH,0,0.10988155919742294
7055-HNEOJ,1,0.5356588673306142
7055-JCGNI,0,0.07131632750248143
7064-JHXCE,0,0.00258185598848036
7067-KSAZT,0,0.28528312112550147
7074-IEVOJ,1,0.7213806165403879
7103-IPXPJ,0,0.24094727965687426
7103-ZGVNT,0,0.017073978191442803
7109-MFBYV,0,0.3235441976175248
7128-GGCNO,0,0.14485606110931873
7129-AZJDE,0,0.24099203076265938
7134-HBPBS,0,0.10287643037387831
7134-MJPDY,0,0.1651146349428843
7139-JZFVG,0,0.011333558403565333
7143-BQIBA,0,0.3822209644610156
7148-XZPHA,0,0.10271007161944166
7156-MXBJE,0,0.09146627684039597
7167-PCEYD,0,0.0027570170084869165
7168-HDQHG,0,0.056941338957117185
7180-PISOG,1,0.7661330979160352
7188-CBBBA,0,0.13942135462263427
7197-VOJMM,0,0.017863855735344457
7207-RMRDB,0,0.39780990274094513
7216-EWTRS,1,0.8176311048585874
7225-IILWY,0,0.002309390832146826
7228-PAQPD,0,0.2227028187175721
7233-IOQNP,0,0.032732840123218206
7241-AJHFS,0,0.21925126918410887
7252-NTGSS,1,0.5729027076857598
7253-UVNDW,0,0.01988476736935815
7270-BDIOA,1,0.597610715770398
7284-BUYEC,1,0.5497820852928336
7295-JOMMD,1,0.6057921758421553
7296-PIXQY,1,0.5206937267142563
7302-ZHMHP,0,0.4459631179177842
7312-XSBAT,1,0.6184118236093781
7315-WYOAW,1,0.628355544370536
7319-ZNRTR,0,0.09159136573842164
7321-PKUYW,1,0.574917083965839
7336-RLLRH,0,0.1981856074646727
7346-MEDWM,0,0.17048905165758887
7359-WWYJV,0,0.05876988236227472
7389-KBFIT,1,0.5136964467168597
7394-FKDNK,1,0.6848925750124207
7395-XWZOY,0,0.17078796022450607
7396-VJUZB,1,0.5307543031059049
7399-QHBJS,0,0.007356567235006556
7401-JIXNM,0,0.04434792587156604
7401-RUBNK,0,0.422989649827827
7434-SHXLS,0,0.4544712062139262
7445-WMRBW,0,0.08267252132659973
7446-SFAOA,0,0.0434483431703929
7450-NWRTR,1,0.7579626729296505
7459-IMVYU,0,0.12729821039955375
7470-DYNOE,0,0.10677689192765018
7473-ZBDSN,0,0.09433539489502467
7492-TAFJD,0,0.08783352119337318
7501-VTYLJ,0,0.4997790409757156
7503-ZGUZJ,1,0.7099304878876236
7511-YMXVQ,1,0.6764106894229548
7517-LDMPS,1,0.6421587998926267
7519-JTWQH,0,0.09885275919150308
7521-YXVZY,0,0.41188854095611815
7524-VRLPL,0,0.01482562956614688
7526-IVLYU,1,0.5259439026920901
7529-ZDFXI,0,0.32328816630268603
7534-BFESC,1,0.5759757246804813
7548-SEPYI,1,0.7541022647400255
7551-DACSP,0,0.4925021328096247
7563-BIUPC,1,0.7554557947702202
7566-DSRLQ,0,0.14886629792335762
7572-KPVKK,0,0.18302972826207797
7580-UGXNC,0,0.464525060163802
7586-ZATGZ,0,0.47564801385480243
7590-VHVEG,1,0.6408368831562462
7593-JNWRU,1,0.6320105635124419
7594-RQHXR,1,0.7789011975972697
7598-UAASY,1,0.5882706168843709
7601-DHFWZ,0,0.00892890213344865
7602-MVRMB,0,0.1110361414623326
7605-SNLQG,0,0.1061726511410604
7606-BPHHN,0,0.0018407865678495617
7608-RGIRO,0,0.0049933499574688865
7609-NRNCA,0,0.10409756247259859
7611-YKYTC,0,0.27700173772617387
7613-LLQFO,1,0.7256183890182659
7623-TRNQN,1,0.6181963167121157
7633-MVPUY,0,0.02856765651865156
7636-OWBPG,0,0.3587864909312996
7639-OPLNG,0,0.025169592767935494
7654-YWJUF,0,0.08355174321762501
7658-UYUQS,0,0.42205093002417526
7660-HDPJV,1,0.741732903756442
7663-RGWBC,1,0.6755999964518691
7665-NKLAV,0,0.015300550490787615
7668-XCFYV,1,0.7705008747085859
7672-VFMXZ,0,0.05632222827715961
7683-CBDKJ,1,0.5719486694293409
7693-LCKZL,1,0.682095343268884
7706-DZNKK,0,0.3666991123742178
7711-GQBZC,0,0.0020343695102534635
7716-YTYHG,0,0.1720058381214215
7717-BICXI,0,0.0031747587864426087
7721-DVEKZ,0,0.44839099333259325
7721-JXEAW,0,0.0365102240270416
7729-JTEEC,1,0.7631810222389069
7734-DBOAI,1,0.5795117840719899
7742-MYPGI,1,0.548461609864286
7753-USQYQ,0,0.07998072783954113
7766-CLTIC,1,0.5610571291191359
7771-CFQRQ,0,0.03544676559761702
7771-ZONAT,0,0.09269434244177525
7781-EWARA,0,0.012911641879692699
7786-WBJYI,0,0.4739154699832258
7789-HKSBS,0,0.3254069625279514
7798-JVXYM,1,0.6675054842358425
7811-JIVPF,0,0.20327059284004345
7812-FZHPE,0,0.21708222282901285
7814-LEEVE,1,0.5930949258813131
7817-BOQPW,1,0.7588320224166716
7824-PANSQ,0,0.10873217464953946
7831-QGOXH,1,0.6803374397999311
7838-LAZFO,0,0.07821433884426404
7841-FCRQD,0,0.09465910927338418
7845-URHJN,0,0.34826601016480463
7856-GANIL,0,0.17796949701794643
7876-DNYAP,0,0.0015320162038799693
7883-ROJOC,0,0.3097629002095814
7890-VYYWG,1,0.6521429292187894
7895-VONWT,0,0.38631189781739117
7901-HXJVA,0,0.4633790897060787
7905-NJMXS,0,0.48596522963167366
7905-TVXTA,1,0.6648118832135677
7909-FIOIY,0,0.27446800250260256
7921-BEPCI,0,0.007647636204121637
7923-IYJWY,0,0.11597128863710283
7924-GJZFI,1,0.5441073311755211
7925-PNRGI,0,0.09740323764227163
7941-RCJOW,0,0.0029305555006790603
7945-HLKEA,0,0.030795670687232893
7954-MLBUN,0,0.14232574678634702
7969-AULMZ,1,0.7439402674696811
7982-VCELR,0,0.4219104163224673
7989-AWGEH,0,0.0820819568444159
7989-CHGTL,1,0.5625225513827914
7995-ZHHNZ,0,0.05810123781389748
7996-BPXHY,0,0.18791324736461093
7997-EASSD,0,0.058891555145159744
8006-PYCSW,0,0.43156880273535386
8008-HAWED,1,0.5520670716110156
8033-ATFAS,0,0.21701778919393855
8035-PWSEV,1,0.6266580795783824
8040-MNRTF,1,0.5422320458991337
8042-JVNFH,1,0.6533515633105248
8044-BGWPI,0,0.49160186273186673
8065-BVEPF,0,0.25307433163999515
8065-YKXKD,1,0.6913867289554176
8069-YQQAJ,0,0.3082200685345235
8084-OIVBS,0,0.16098467547230727
8086-OVPWV,1,0.776235810582316
8089-UZWLX,0,0.10857688798784003
8095-WANWK,0,0.4325005910490296
8096-LOIST,1,0.6142631333631917
8097-OMULG,0,0.03509045290841946
8109-YUOHE,0,0.14469102312454007
8138-EALND,0,0.21840239518726065
8148-NLEGT,0,0.02294554614321897
8149-AIQCG,0,0.24174380633263165
8158-WPEZG,0,0.41286979062085855
8161-QYMTT,1,0.7993146215287006
8167-GJLRN,0,0.4890244051421453
8174-LNWMW,0,0.027784619361019777
8191-XWSZG,0,0.008175688831910837
8197-BFWVU,0,0.04832508500880798
8207-DMRVL,0,0.06449867655698595
8220-OCUFY,0,0.21331595179422178
8229-TNIQA,1,0.6414716398928139
8237-ULIXL,0,0.0016857451016179363
8242-JSVBO,1,0.6137260372297981
8242-SOQUO,1,0.728880627517141
8249-THVEC,0,0.008828315985669893
8260-NGFNY,0,0.4754798701844987
8267-KFGYD,1,0.5695186087057611
8270-RKSAP,1,0.6661753079715652
8272-ONJLV,0,0.440906303550684
8286-AFUYI,1,0.6100343413027467
8292-FRFZQ,0,0.02101238280451454
8292-TYSPY,0,0.3026562687510614
8295-KMENE,0,0.03942326370438455
8311-UEUAB,0,0.09146659330471697
8316-BBQAY,0,0.007012644384259647
8329-GWVPJ,0,0.18036562152696375
8337-MSSXB,1,0.6316297464717595
8348-JLBUG,0,0.029092391864132552
8350-NYMVI,0,0.03805682810891238
8383-SGHJU,0,0.11305278176700377
8388-FYNPZ,1,0.525921739956479
8397-MVTAZ,1,0.6123525664242947
8400-WZICQ,0,0.06508847270453864
8404-GFGCZ,1,0.6609181716041296
8413-VONUO,1,0.6693228905765243
8414-MYSHR,1,0.8199929571579654
8429-XIBUM,1,0.6060981904169184
8441-SHIPE,0,0.004488002697315209
8450-LUGUK,0,0.03568017052712292
8450-UYIBU,0,0.2198470758835045
8455-HIRAQ,0,0.46382901805607424
8457-XIGKN,0,0.21541659678460667
8465-SBRXP,0,0.15330403797658645
8512-WIWYV,0,0.03665182763018061
8519-QJGJD,0,0.4442347694681535
8544-GOQSH,0,0.37624264783389155
8547-NSBBO,0,0.20968396554893157
8548-AWOFC,0,0.08091022362947675
8552-OBVRU,0,0.4259291360627838
8559-CIZFV,0,0.16152985405157433
8563-IIOXK,0,0.48282324012983646
8573-JGCZW,0,0.1731510963696958
8577-QSOCG,0,0.0261967558587153
8580-AECUZ,1,0.8039716975739819
8584-KMVXD,1,0.503661075905315
8593-WHYHV,1,0.7863617395087511
8606-OEGQZ,0,0.07902440884283982
8612-GXIDD,0,0.20120591943506413
8614-VGMMV,1,0.6065078233722948
8620-RJPZN,1,0.5687792003441452
8622-ZLFKO,1,0.7219415587374843
8630-FJLIB,1,0.5641522057757749
8630-QSGXK,0,0.11206939610430068
8637-XJIVR,1,0.6039398870259922
8659-HDIYE,0,0.05796419166631572
8663-UPDGF,0,0.35882490825820207
8665-UTDHZ,1,0.5315358450994843
8668-KNZTI,0,0.03397075145570246
8671-KKKOS,0,0.062246305274800934
8679-JOEVF,1,0.5221703283162966
8679-LZBMD,0,0.2687226619288356
8705-WZCYL,1,0.7702658354662785
8710-YGLWG,1,0.6788202763520766
8714-EUHJO,1,0.5640595414516505
8718-PTMEZ,0,0.4252406551740567
8720-RQSBJ,1,0.7102067968519288
8722-PRFDV,0,0.023092098960299432
8731-WBBMB,0,0.2748747487441777
8740-CRYFY,1,0.7766946304650605
8751-EDEKA,0,0.23377702373921955
8752-IMQOS,0,0.23791957669792943
8757-TFHHJ,1,0.604538107496869
8766-PAFNE,0,0.02592311286178855
8778-LMWTJ,1,0.6170042363303238
8780-IXSTS,1,0.7150022096372659
8780-RSYYU,0,0.1627147925379639
8805-JNRAZ,0,0.4882183321478883
8807-ARQET,0,0.14127684326832265
8808-ELEHO,1,0.6845042403360734
8815-LMFLX,0,0.20685577396946564
8819-WFGGJ,0,0.011909178967701889
8847-GEOOQ,0,0.04597407400010318
8851-RAGOV,0,0.2973655539178619
8859-DZTGQ,0,0.024405244905620026
8859-YSTWS,0,0.012345897282729827
8868-WOZGU,1,0.598739527112324
8873-TMKGR,0,0.04398370258204872
8874-EJNSR,0,0.01944541108807347
8878-HMWBV,1,0.69547548776922
8879-ZKJOF,0,0.13847069380383936
8885-QSQBX,1,0.5248736365547093
8887-IPQNC,1,0.5970570130000794
8901-UPRHR,0,0.08967836422426495
8903-XEBGX,1,0.7956989750170664
8922-NPKBJ,0,0.01244781101325804
8938-UMKPI,1,0.5097588276338595
8942-DBMHZ,0,0.2633606678721152
8946-BFWSG,0,0.00333030045584244
8963-JLGJT,0,0.4157021969528085
8963-MQVYN,0,0.2964806589933895
8966-SNIZF,0,0.001474539593061455
8972-HJWNV,1,0.7951388330593653
8979-CAMGB,0,0.17156961158403944
8982-NHAVY,0,0.3802165820215562
8985-OOPOS,0,0.35460842999162906
8992-JQYUN,1,0.7274384401067273
9018-PCIOK,0,0.03638567252544276
9027-YFHQJ,0,0.4964558637300374
9030-QGZNL,0,0.1452117939486088
9039-RBEEE,0,0.07003807644295779
9052-DHNKM,0,0.16487262507981731
9053-EJUNL,0,0.4256924419758855
9057-SIHCH,1,0.8227081530225879
9058-CBREO,1,0.6368282096016668
9065-ZCPQX,0,0.013613090506223573
9068-VPWQQ,0,0.02234248840565976
9073-ZZIAY,0,0.03877956060199137
9089-UOWJG,1,0.5144322195993698
9092-GDZKO,0,0.21640118298893174
9095-HFAFX,1,0.6458016683484769
9097-ZUBYC,0,0.3386831525383566
9101-NTIXF,0,0.42993100251311056
9114-AAFQH,0,0.11003543715825094
9115-YQHGA,0,0.2217020708498649
9117-SHLZX,1,0.6822365849272427
9127-QRZMH,0,0.05267618062316434
9128-CPXKI,0,0.11354728725221913
9135-MGVPY,0,0.03054882066596723
9140-CZQZZ,0,0.037699925378670944
9142-KZXOP,0,0.12021067434574571
9150-HEPMB,0,0.01717132337495061
9158-VCTQB,0,0.33238679322134584
9170-ARBTB,0,0.007745510373886665
9170-CCKOU,0,0.23746243380315418
9185-TQCVP,1,0.7076167781986956
9199-PWQVC,0,0.0665770038814442
9208-OLGAQ,1,0.6177403342667563
9214-EKVXR,1,0.6749539289304032
9221-OTIVJ,1,0.7119383888191676
9225-BZLNZ,0,0.059468564002595085
9229-RQABD,0,0.11169918835372232
9231-ZJYAM,1,0.7807840952853204
9236-NDUCW,0,0.04668230142090053
9269-CQOOL,1,0.6851223744797711
9274-UARKJ,0,0.4950920945781908
9279-CJEOJ,1,0.6800394265724552
9314-IJWSQ,1,0.7144213827236778
9360-AHGNL,0,0.26072694009329717
9361-YNQWJ,0,0.007401800929657754
9362-MWODR,0,0.15894194345449558
9367-TCUYN,0,0.25831332058753165
9372-TXXPS,0,0.009847117040749084
9386-LDCZR,0,0.06951482447413236
9388-ZEYVT,0,0.03712548958104359
9389-ACWBI,0,0.4789574770912708
9391-DXGGG,0,0.09853250568278828
9391-TTOYH,0,0.19208347079756025
9392-XBGTD,0,0.03862558913490358
9396-ZSFLL,0,0.371756939884591
9399-APLBT,1,0.695479856183489
9402-ROUMJ,0,0.09148459213600191
9411-TPQQV,0,0.07430720091766835
9424-CMPOG,0,0.13750242383973724
9432-RUVSL,0,0.10006040182655654
9436-ZBZCT,1,0.6472783784583379
9462-MJUAW,1,0.55605539048237
9465-RWMXL,0,0.40100766940591615
9470-XCCEM,0,0.40011997403173666
9497-QCMMS,1,0.8448983806340618
9501-UKKNL,0,0.08482882776353709
9505-SQFSW,0,0.4292060917834816
9506-UXUSK,1,0.6300914961077517
9507-EXLTT,1,0.7114755679419439
9507-HSMMZ,0,0.005036508038412558
9514-JDSKI,1,0.6188300614423422
9522-ZSINC,0,0.29284254384854197
9530-EHPOH,1,0.5024589794192345
9530-GRMJG,0,0.06488886324000928
9531-NSBMR,0,0.04458998224147701
9541-PWTWO,0,0.09645720159768228
9548-LERKT,0,0.047601996546958694
9570-KYEUA,0,0.04171997553965296
9577-WJVCQ,0,0.025757391035495323
9581-GVBXT,0,0.00513258656193526
9588-OZDMQ,1,0.7648630168344709
9600-UDOPK,1,0.5420193937147385
9603-OAIHC,1,0.7744379852749979
9611-CTWIH,1,0.7969154489968214
9618-LFJRU,0,0.3831234501780651
9631-XEYKE,1,0.5880416681292263
9637-CDTKZ,0,0.07599013765337607
9637-EIHEQ,1,0.7237218722662798
9638-JIQYA,1,0.5562612624432858
9643-AVVWI,1,0.6191658564732623
9650-VBUOG,0,0.019754697961244835
9661-JALZV,0,0.0072292157227917325
9668-PUGNU,0,0.0046929251409886805
9675-ICXCT,0,0.04463186859290915
9677-AVKED,0,0.14994795969955244
9681-OXGVC,1,0.7689571281473332
9688-YGXVR,0,0.2193577095696194
9692-TUSXH,1,0.6708317129681628
9701-CDXHR,0,0.10893223333124075
9728-FTTVZ,1,0.741732903756442
9732-EQMWY,0,0.3169197599341664
9734-YWGEX,1,0.5192167789798767
9747-DDZOS,0,0.4839854206742499
9752-ZNQUT,1,0.714998519711237
9753-OYLBX,0,0.452523971934887
9755-JHNMN,0,0.018230895715909728
9761-XUJWD,1,0.579677662490574
9770-KXGQU,0,0.0761619860822532
9774-NRNAU,0,0.440127229386987
9796-BPKIW,1,0.5965151872470639
9796-MVYXX,0,0.07207477363601468
9799-CAYJJ,1,0.7701284136133135
9800-OUIGR,0,0.001933051476019998
9805-FILKB,0,0.021680623458068152
9817-APLHW,0,0.39146304019211536
9819-FBNSV,0,0.321180404732119
9820-RMCQV,0,0.33763808923377625
9821-BESNZ,0,0.21276631842075058
9822-WMWVG,0,0.33785688638172
9824-BEMCV,1,0.5781730381916694
9824-QCJPK,0,0.027263742194311158
9830-ECLEN,0,0.009234060895847574
9838-BFCQT,0,0.0018019305054350668
9845-PEEKO,0,0.05101728424812275
9847-HNVGP,0,0.1065380525752234
9860-LISIZ,0,0.06084541621605511
9862-KJTYK,0,0.2759056655175197
9863-JZAIC,0,0.20679356696072843
9866-QEVEE,1,0.5717071676690587
9873-MNDKV,1,0.5284776889879214
9878-TNQGW,1,0.7776487961137384
9881-VCZEP,0,0.3241213087982168
9903-LYSAB,1,0.5989533316576882
9909-DFRJA,0,0.20767384839542166
9919-FZDED,0,0.0390775444285458
9921-EZKBY,0,0.39141675351910793
9938-ZREHM,0,0.10180639638730528
9943-VSZUV,0,0.12529733477454766
9945-PSVIP,0,0.06256576550240131
9953-ZMKSM,0,0.0032130536657905633
9972-NKTFD,0,0.15779038991819916
9974-JFBHQ,0,0.18341607097136947
9975-GPKZU,0,0.008283603815301572
9985-MWVIX,1,0.6479940702324953
9992-UJOEL,1,0.6050674027965843
